{
"1586069760.json": "WJCKJTTHUEWFJYZ9EYOWLDUREGFNGAFKCEBJNSRYFQCKKOH9DAWSINHSMMB9BXLGOUJDGPUVRLJBHADKB",
"1586136060.json": "UATRIZLXE9FDTBIGQJSLYVHTJXZYRHZLHNEVUL9HYYGKYCIERQKZARGDSKZVUUAEGEFEDNIN9KPJHGFBY",
"1586230200.json": "LLZDCZJFQPIHYPKXNCRFZVRPZIWOOEHEEDXAKIJK9JWWHFVQVSNVEXASO9PTJLHKLYTY9VYZGC9HAQQI9",
"1586314320.json": "K9LPHXPDRZRPABTIQYJZKIQGYUHKGILTGRGLHZUFAUSTY9KHWBCFOIN9YGROXLBCYXEHCJILCHQBVQKTW",
"1586393520.json": "RHHRDPXFSOHSWVHYQBLBYD9TKLXABEDPARJPKNYCBBLEPYEZAIWKYHGKJBOSJZNBUDYSAZGCTRBDFEII9",
"1586446200.json": "LWWRFTOVHSLT9NYBWGNNCGGHW9DZBEFJHTLBHLUOJKNYRFUBMQ9PUABAELZROKJULAORFEIEJSESRCTSWFHLRJEA9C",
"1586098920.json": "MAODSDFHPWCCQICXCNQLTEWUEILBHFZHIQIUGCOQXJJVIZHWEFORWOCDFNPLBZIQCY9CDGWG9EP9DWKPB",
"1586149560.json": "MQDZTPZKJGYSFGGPABJJSGUSYSQLRTLRRGEJCYTRDEYLANQ9JUEFQIKIWDLYTFHWQSCKONHXQLLPVXXHD",
"1586262600.json": "IRESPXOLBTZBJDFJGVCWKYYICIVGFRPVLDEWDIJYATUABRIVK9V9XZQZLFPIPVVKIDXKPKY9GUPCUVWTD",
"1586340120.json": "SAY9AE99WGQAEALAXSYJFTKROGCZIFKVQFZAFELSGQQPZ9IHSUEJ9BLKJKCVRYXP9Z9KGUASZLKHSJNFY",
"1586405100.json": "DIHRVEZBATFCFPBTJZXDZCCZBCGJTKVZVXNLVDEHLWJXYUPWIGGLPXWEEPLAWIHKOWBPKNGWEKPXPIUOZ"
}
